First Name,Last Name,Street Address,Zip Code,Phone Number,IP Address,Email,Customer ID
Philip,Mcneil,0411 Meredith Highway Apt. 630,39283,(934)220-0394x3360,133.95.173.229,richard12@example.org,9723
Nicholas,Hardy,6697 Sanchez Views Suite 712,20027,698-205-2593x4284,13.39.1.81,reginald37@example.net,4835
Donna,French,912 Jade Port Apt. 356,61627,+1-711-233-1789x8909,1.44.197.245,vwells@example.net,7447
Lindsey,Gentry,782 Oliver Club,72412,667-858-7300,171.8.90.106,brenda29@example.org,6160
Jason,Cox,674 Fields Spur,30243,9792712632,187.1.148.232,brownkelly@example.com,2810
Felicia,Foster,5173 Mcconnell Ferry,12631,(975)215-2794,82.208.98.177,kowens@example.net,7781
Misty,Flores,22511 Matthew Burg Apt. 537,55138,001-913-701-2667x36228,184.34.180.201,anthonysamantha@example.org,2409
Victoria,Glenn,13806 Mitchell Course Suite 622,20045,(979)576-8391x5720,203.37.96.6,williamsfrancis@example.net,4250
Gerald,Garcia,972 Renee Lights,79833,001-606-324-6502x5361,51.67.165.207,shanecampbell@example.com,2918
Bianca,Jackson,1450 Laura Hills,43593,(469)598-0351x596,40.7.221.53,david05@example.org,5692
Lorraine,Patton,26898 Russell Drives Suite 382,77411,374.496.5841,22.223.243.16,mrodriguez@example.net,6161
Aaron,White,109 Kim Loop,92884,320-984-2938x4918,67.191.237.171,michealjackson@example.com,3984
Gary,Ray,1470 Bullock Plaza Apt. 690,77046,(942)364-7418,40.245.243.212,andrew41@example.net,6407
Shane,Graham,40823 Michelle Curve,76004,(466)833-8740x5696,205.124.200.176,swilliams@example.net,6419
Kimberly,Graham,09767 Kelsey Club Apt. 835,16913,+1-354-333-8909x413,18.200.200.85,dunnjamie@example.net,9016
Manuel,Lindsey,360 Betty Ville,76066,+1-256-437-1405x362,139.139.123.183,timothy01@example.com,8157
Veronica,Maldonado,245 Walsh Knoll,70020,(336)880-0783,5.171.246.46,perry41@example.net,6023
Jasmine,Wilson,4374 Berry Dam,42184,204-982-1290x2098,77.148.30.34,samanthawebb@example.net,7742
Frank,Norris,8474 Dawn Fort Suite 585,87696,(478)260-1984,15.211.20.60,pjarvis@example.net,9782
Ashley,Smith,62323 Rose Hollow Suite 586,42104,(492)520-6208,42.120.66.229,nathan84@example.com,2265
Jessica,Lloyd,803 Flores Divide,95116,+1-685-676-4930x185,144.242.251.14,amy11@example.net,1052
Wendy,Stone,0461 Carl Hill,37066,348-414-4097x9334,104.157.93.199,jameswilson@example.com,3977
Jeremy,Adams,146 Anna Plaza Apt. 952,57565,(580)384-3241x09818,2.53.247.5,browncheryl@example.com,3285
Brian,Miller,131 Ashley Meadow,79804,(479)760-9392x244,6.237.213.237,brandi72@example.com,9891
Nicholas,Jackson,9223 Alvarado Crest,83507,(232)398-7082x7565,24.14.23.99,amberwong@example.org,4238
Jackson,Smith,274 Johnston Mission Suite 427,21308,716-529-2579,94.82.82.138,rdecker@example.org,4145
Michael,Williams,615 Joseph Club,27670,+1-903-532-1668x741,85.83.180.216,robertsanna@example.org,6031
Donna,Torres,594 Ashley Heights,38314,(283)208-0936,137.3.183.138,tatecassidy@example.net,5887
Heather,Walters,76786 Martinez Ford Apt. 427,38557,001-285-753-7912,113.232.251.169,timothygalloway@example.net,9539
Nathaniel,Jarvis,2954 Harper Lake,64920,2347484143,107.187.63.169,fvargas@example.org,1132
Eric,Rush,65505 Helen Crescent,33420,923.861.3775x066,28.127.172.11,john75@example.org,3711
Michael,Johnson,5682 Cole Valleys Apt. 524,28365,658.722.3981x176,133.212.7.250,ipratt@example.org,6727
John,Adams,92744 Philip Extension Apt. 472,59445,(848)438-8882,65.8.156.167,cgonzalez@example.com,5680
Debra,Mooney,71881 Jordan Plaza Apt. 827,81014,+1-745-454-0146x72245,82.0.17.73,taylormegan@example.com,3806
John,George,50241 Jeffrey Route Suite 974,75082,2638168298,27.190.54.38,alexandria13@example.com,1433
Judy,Rodriguez,22461 Allison Place,79524,(430)831-2516x9556,220.190.40.252,gbarber@example.net,5694
Andrea,Carter,33313 Joseph Causeway Suite 687,55337,(349)225-7040,10.219.107.158,michaelmontgomery@example.com,4195
Karen,Brown,48515 Cross Forge,69843,807.944.8992x32543,136.207.50.233,zachary35@example.com,9067
John,Hernandez,6593 Dawn Forges Suite 904,24407,3967579214,104.146.59.113,ffranklin@example.net,6670
Samantha,Dawson,0010 Nathan Points,61953,368-821-9957,24.22.251.96,kroy@example.com,5832
Diana,Briggs,0888 Blair Spurs,80640,+1-319-812-5714,166.139.77.42,lauren74@example.net,7838
Kimberly,Edwards,862 Fisher Parks Apt. 880,71660,+1-543-203-8274x09300,192.197.176.41,jjones@example.org,3452
David,Adams,491 Hunter Estate Apt. 238,29178,(999)830-1073x9253,83.44.243.110,stephen67@example.com,1102
Ana,Davis,13366 Frank Point,18073,001-930-556-8691x297,146.239.74.51,rebecca94@example.org,4682
Laurie,Turner,4522 Jacqueline Gateway,14220,345-640-4061,34.205.126.46,dianerivers@example.com,3139
Joseph,Fowler,8227 Thomas Orchard Apt. 586,12302,(553)217-0597x430,81.42.241.60,robertafrazier@example.net,6234
Jonathan,Lopez,6055 Angela Vista,55494,(545)341-8343x362,181.148.30.60,ycruz@example.com,2626
Jodi,Neal,382 Ruben Rapids,39400,240.317.4657,183.37.233.78,olsenjennifer@example.com,9651
Raymond,Mullen,21890 Ward Squares Apt. 133,84393,001-422-420-0624x97636,53.144.167.142,jsparks@example.net,4105
Jesus,Benson,49630 Patricia Route,95173,639-529-9976x80963,216.191.251.37,lawsonamanda@example.net,7631
Amy,Bauer,6296 Scott Prairie,79768,+1-462-242-0081x0827,69.250.49.254,mendozafrank@example.com,2769
Crystal,Johnson,080 Schaefer Groves Suite 081,90238,857.720.5424,86.186.17.2,jerome84@example.net,9617
Shelby,Harding,1957 Tammy Canyon Suite 078,75392,534-326-2999x24605,145.180.172.80,stevenhaney@example.com,2427
Susan,Hubbard,378 Peter Center Suite 528,26870,(552)911-5843x9605,56.212.203.75,evansaustin@example.org,5747
Sean,Wallace,3145 Evans Islands,30320,001-648-208-4683x68412,161.95.149.235,talvarez@example.org,2070
Cody,Brandt,692 Robin Mall Suite 703,40583,533-659-5610x685,33.254.166.180,alice52@example.net,5286
Jamie,Martinez,0322 Samantha Row,73089,+1-950-677-4062,38.192.244.37,pyoung@example.org,5140
Cole,Dunlap,75343 Waters Parkway Suite 963,77974,511.456.1387x6851,7.81.58.140,xmiller@example.com,7992
Rachael,Green,836 Brewer Valley Apt. 870,61580,843.559.2791,60.215.152.131,icarlson@example.net,9114
Kristen,Hart,874 Bond Spring Suite 955,57340,875-886-4166,162.72.103.59,carolynmanning@example.org,7480
Mariah,Oconnor,03027 Erin Station Suite 332,32732,222-912-4975,211.17.103.87,ilee@example.org,8553
Tim,Ayala,42876 Regina Via Suite 478,53205,(677)959-3373x759,53.104.183.252,tinajordan@example.com,7781
Daniel,Davis,00643 Christopher Isle,73573,444-224-6489,32.228.158.189,mrivera@example.net,4528
Randy,Rodriguez,4251 Smith Squares Suite 127,37422,702-862-9212x5868,57.85.61.222,bgarrett@example.org,7478
Kevin,Brown,6422 Miguel Track,21884,831-779-0660,54.247.147.200,jessicalynch@example.net,5799
Kendra,Cooper,365 Kevin Fall Suite 760,80757,+1-774-401-2642,175.68.107.98,timothy61@example.com,2501
Krystal,James,075 Mosley Viaduct Suite 262,71269,001-936-605-2862x318,157.37.132.237,ebonyerickson@example.com,6386
Fred,Harrington,676 Riley Crossroad Apt. 732,52970,+1-404-945-3079x99042,110.98.32.47,joshuakennedy@example.org,4508
Caroline,Preston,874 Hernandez Harbor,56064,+1-379-920-5085,12.185.191.177,thomas03@example.com,4476
Jill,Howard,327 Jennifer Trail Apt. 723,86374,+1-650-363-8641x8064,32.80.11.34,kimberly31@example.net,6868
Sarah,Schneider,43088 Conway Fields,94587,248.665.1011,198.181.29.153,campbellryan@example.org,3417
Katherine,Patterson,7175 Brian Road Apt. 388,71397,203-546-5211x56047,33.65.177.191,elizabeth34@example.com,1770
Robert,Lewis,03989 Sarah Vista,20726,854.441.8565,23.249.99.163,kbautista@example.com,4278
Deanna,Johnson,1861 Jordan Parks Suite 832,15525,(856)730-6354x51618,79.51.116.241,brandon36@example.com,5809
Aaron,Carlson,6170 Reynolds Lane Suite 846,21942,411.855.7129x528,49.151.58.45,brandon01@example.com,8488
Robert,Day,05247 Dawn Loaf,39791,001-390-841-2405x4255,171.164.238.185,jefferycoleman@example.net,4031
Debra,Franklin,465 Estrada Oval Apt. 262,34753,889.503.7988x983,13.163.5.209,mikegarrison@example.net,2161
Nancy,Dillon,07466 Andrade Field,74749,001-513-289-5453x6746,139.57.148.32,amandasalas@example.com,1352
Emily,Clay,32844 Krueger Circles,37249,(344)772-7599x6813,105.94.82.2,nicholas40@example.com,3117
Alan,Torres,88246 Larson Parkway,83011,415-685-5793x8269,44.248.235.103,torresmarcus@example.org,3354
Charles,Valencia,6656 White Cliffs,92128,2018483757,126.36.51.98,higginsjohn@example.com,9735
Preston,Rodriguez,9311 Dawn Forge,99396,(713)895-5108x881,48.215.212.22,jennifermathews@example.net,4006
Jorge,Galvan,919 Lopez Common,87752,930-363-5620x32932,188.40.143.86,bookerbrenda@example.com,8514
Gregory,Shah,406 Gallagher Brooks,81253,435.412.7035,158.43.205.147,awalls@example.org,8437
Charles,Neal,617 Bradshaw Summit Suite 333,78749,415-821-1308x0814,93.221.181.144,williamjacobson@example.net,6451
Jacqueline,Lawrence,569 Kristin Valley Apt. 108,17448,813-717-9917x61987,108.127.48.100,joshuamitchell@example.net,3017
Matthew,Fuentes,37672 Elizabeth Circle Suite 097,92416,(534)558-6119x139,219.187.93.48,qbaker@example.net,9587
Michelle,Stone,54328 Jones Parks Suite 083,18174,+1-251-861-4764x91182,208.165.199.246,brianadams@example.org,2904
Stacy,Perry,2230 Erika Isle Apt. 036,89356,(906)901-6236x696,95.227.52.83,tlee@example.org,8003
Gerald,Castro,7761 Montgomery Pass,50874,001-775-517-4898x1428,55.50.82.252,kristenjimenez@example.com,8267
Tiffany,Smith,8873 Hannah Walks,31545,+1-805-735-3462x281,214.120.236.7,jodi28@example.net,4458
Daniel,Hinton,83481 Mckee Highway,63098,664-880-4237x36117,160.175.238.68,craigmartin@example.org,2434
Kyle,Schultz,363 Charles Way Apt. 615,65553,642.486.8533,218.0.161.178,teresasmith@example.net,1093
Chelsea,Campbell,798 James Track,79166,001-546-811-1883x4166,21.150.148.216,danielle34@example.com,5150
Jacqueline,Medina,32352 Brandon Station,66862,(774)489-3658,181.48.114.211,haleymcdonald@example.net,4404
Eileen,Newman,765 Samuel Plaza Suite 180,43304,+1-598-938-7213x6770,113.114.216.29,thomas10@example.com,2296
Emily,Morris,032 Bullock Streets Apt. 446,82044,+1-625-908-1010x2174,16.60.204.26,jcook@example.com,4385
Alisha,Miller,462 Nicholas Circles,71016,(479)818-5913x666,75.105.218.203,aprilbrooks@example.org,3139
Lisa,Spencer,880 Thomas Cove,39702,(446)736-8109x5929,38.69.94.245,ksheppard@example.net,5307
Laura,Myers,2075 Ashley Flats,54715,985.780.0917x574,181.153.176.192,william88@example.com,7490
